Year,Lg,Rd,Pk,Player,College,G,MP,PTS,TRB,AST,FG%,3P%,FT%,MP,PTS,TRB,AST,WS,WS/48,BPM,VORP
2023,NBA,2,58,Chris Livingston,Kentucky,2,9,5,0,1,1.000,1.000,,4.5,2.5,0.0,0.5,0.1,.288,10.6,0.0
2022,NBA,1,24,MarJon Beauchamp,,62,868,334,138,45,.415,.347,.711,14.0,5.4,2.2,0.7,0.7,.037,-4.2,-0.5
2022,NBA,2,59,,,,,,,,,,,,,,,,,,
2021,NBA,2,31,Todd Isaiah (↳IND ↳WAS),,18,135,29,24,8,.222,.192,.500,7.5,1.6,1.3,0.4,-0.3,-0.124,-10.2,-0.3
2020,NBA,1,24,R.J. Hampton (↳DEN),,163,3042,1145,460,299,.410,.342,.680,18.7,7.0,2.8,1.8,0.9,.014,-3.7,-1.3
2020,NBA,2,45,Jordan Nwora (↳MIL),Louisville,157,2683,1216,516,158,.423,.384,.796,17.1,7.7,3.3,1.0,2.4,.042,-3.0,-0.7
2019,NBA,1,30,Kevin Porter (↳DET ↳CLE),USC,196,5928,3008,842,987,.431,.357,.725,30.2,15.3,4.3,5.0,4.0,.032,-1.6,0.7
2018,NBA,1,17,Donte DiVincenzo,Villanova,286,6913,2604,1298,781,.421,.364,.770,24.2,9.1,4.5,2.7,14.0,.098,0.2,3.8
2017,NBA,1,17,D.J. Wilson,Michigan,146,1803,647,452,108,.419,.327,.618,12.3,4.4,3.1,0.7,2.8,.075,-2.6,-0.3
2017,NBA,2,48,Sindarius Thornwell (↳LAC),South Carolina,160,1721,401,206,111,.407,.340,.672,10.8,2.5,1.3,0.7,1.1,.032,-3.1,-0.5
2016,NBA,1,10,Thon Maker,,263,3624,1216,726,161,.435,.327,.680,13.8,4.6,2.8,0.6,6.6,.087,-2.1,-0.1
2016,NBA,2,36,Malcolm Brogdon,Virginia,408,12018,6297,1716,1888,.465,.387,.877,29.5,15.4,4.2,4.6,30.5,.122,1.4,10.3
2016,NBA,2,38,Patrick McCaw (↳GSW),UNLV,199,3373,760,319,270,.420,.305,.785,16.9,3.8,1.6,1.4,4.4,.062,-2.8,-0.6
2015,NBA,1,17,Rashad Vaughn,UNLV,139,1671,423,158,75,.337,.313,.692,12.0,3.0,1.1,0.5,-0.6,-0.017,-4.7,-1.2
2015,NBA,2,46,Norman Powell (↳TOR),UCLA,492,11264,5933,1285,751,.466,.388,.825,22.9,12.1,2.6,1.5,23.7,.101,-0.1,5.4
2014,NBA,1,2,Jabari Parker,Duke,310,8535,4380,1703,610,.494,.326,.743,27.5,14.1,5.5,2.0,13.8,.078,-0.8,2.5
2014,NBA,2,31,Damien Inglis,,20,156,36,31,10,.351,.231,.875,7.8,1.8,1.6,0.5,-0.1,-0.024,-5.6,-0.1
2014,NBA,2,36,Johnny O'Bryant,LSU,147,1684,509,352,69,.402,.360,.663,11.5,3.5,2.4,0.5,0.2,.006,-6.2,-1.8
2014,NBA,2,48,Lamar Patterson (↳ATL),Pitt,40,435,93,57,45,.326,.236,.720,10.9,2.3,1.4,1.1,0.1,.006,-5.7,-0.4
2013,NBA,1,15,Giannis Antetokounmpo,,731,23769,16631,7010,3431,.538,.287,.706,32.5,22.8,9.6,4.7,97.4,.197,6.2,49.3
2013,NBA,2,43,Ricky Ledo (↳DAL ↳PHI),Providence,28,277,109,38,21,.336,.371,.769,9.9,3.9,1.4,0.8,-0.6,-0.096,-7.6,-0.4
2012,NBA,1,14,John Henson,UNC,445,8752,3383,2368,496,.540,.250,.568,19.7,7.6,5.3,1.1,20.7,.113,-0.5,3.4
2012,NBA,2,42,Doron Lamb,Kentucky,100,1272,345,95,75,.381,.394,.700,12.7,3.5,1.0,0.8,0.1,.005,-5.8,-1.2
2011,NBA,1,10,Jimmer Fredette (↳SAC),BYU,241,3213,1438,243,331,.409,.372,.879,13.3,6.0,1.0,1.4,2.2,.033,-2.5,-0.4
2011,NBA,2,40,Jon Leuer,Wisconsin,377,5945,2395,1426,301,.484,.328,.767,15.8,6.4,3.8,0.8,13.2,.107,-0.7,2.0
2010,NBA,1,15,Larry Sanders,VCU,238,4635,1520,1345,174,.480,.000,.553,19.5,6.4,5.7,0.7,10.3,.107,-1.1,1.1
2010,NBA,2,37,Darington Hobson,New Mexico,5,39,4,3,6,.154,.000,,7.8,0.8,0.6,1.2,-0.2,-0.225,-13.0,-0.1
2010,NBA,2,44,Jerome Jordan,Tulsa,65,491,180,132,17,.528,,.852,7.6,2.8,2.0,0.3,1.7,.168,-1.0,0.1
2010,NBA,2,47,Tiny Gallon,Oklahoma,,,,,,,,,,,,,,,,
2009,NBA,1,10,Brandon Jennings,,555,16844,7801,1659,3151,.387,.345,.796,30.3,14.1,3.0,5.7,29.9,.085,0.8,11.8
2009,NBA,2,41,Jodie Meeks,Kentucky,539,12110,4988,1120,583,.420,.373,.879,22.5,9.3,2.1,1.1,24.3,.096,-0.6,4.2
2008,NBA,1,8,Joe Alexander,West Virginia,67,745,282,120,44,.410,.340,.698,11.1,4.2,1.8,0.7,0.5,.030,-3.6,-0.3
2008,NBA,2,37,Luc Mbah a Moute,UCLA,689,16038,4380,2800,588,.454,.334,.659,23.3,6.4,4.1,0.9,26.0,.078,-1.5,2.0
2007,NBA,1,6,Yi Jianlian,,272,6038,2148,1339,192,.404,.333,.780,22.2,7.9,4.9,0.7,3.1,.025,-4.3,-3.5
2007,NBA,2,56,Ramon Sessions,Nevada,691,16119,7141,1840,2807,.434,.316,.791,23.3,10.3,2.7,4.1,28.8,.086,-0.7,5.2
2006,NBA,2,39,David Noel,UNC,68,792,184,123,65,.367,.321,.860,11.6,2.7,1.8,1.0,0.4,.024,-3.1,-0.2
2005,NBA,1,1,Andrew Bogut,Utah,706,19862,6808,6112,1546,.535,.120,.557,28.1,9.6,8.7,2.2,50.6,.122,1.2,16.0
2005,NBA,2,36,Ersan İlyasova,,825,18957,8364,4661,908,.443,.367,.777,23.0,10.1,5.6,1.1,48.8,.124,-0.1,9.0
2003,NBA,1,8,T.J. Ford,Texas,429,11882,4797,1331,2495,.433,.289,.815,27.7,11.2,3.1,5.8,16.9,.068,-0.4,4.6
2003,NBA,2,35,Szymon Szewczyk,,,,,,,,,,,,,,,,,
2003,NBA,2,43,Keith Bogans (↳ORL),Kentucky,671,14527,4257,1817,866,.394,.353,.716,21.6,6.3,2.7,1.3,20.4,.068,-1.5,1.9
2002,NBA,1,13,Marcus Haislip,Tennessee,89,854,311,131,16,.437,.350,.659,9.6,3.5,1.5,0.2,0.5,.026,-4.7,-0.6
2002,NBA,2,34,Dan Gadzuric,UCLA,527,7793,2465,2326,196,.500,.000,.498,14.8,4.7,4.4,0.4,15.8,.097,-2.3,-0.7
2002,NBA,2,42,Ronald Murray,Shaw,487,11077,4817,1006,1096,.414,.304,.725,22.7,9.9,2.1,2.3,8.5,.037,-2.2,-0.5
2002,NBA,2,48,Chris Owens (↳MEM),Texas,1,6,4,1,0,.667,,,6.0,4.0,1.0,0.0,0.0,-0.032,-0.5,0.0
2001,NBA,2,52,Andre Hutson,Michigan State,,,,,,,,,,,,,,,,
2000,NBA,1,15,Jason Collier (↳HOU),Georgia Tech,151,2178,841,443,51,.455,.350,.738,14.4,5.6,2.9,0.3,1.9,.042,-5.4,-1.9
2000,NBA,2,43,Michael Redd,Ohio State,629,20104,11972,2411,1338,.447,.380,.838,32.0,19.0,3.8,2.1,55.9,.134,2.2,21.4
2000,NBA,2,49,Jason Hart,Syracuse,341,5289,1623,567,774,.417,.315,.788,15.5,4.8,1.7,2.3,8.6,.078,-1.2,1.0
1999,NBA,2,48,Galen Young,UNC Charlotte,,,,,,,,,,,,,,,,
1998,NBA,1,9,Dirk Nowitzki (↳DAL),,1522,51368,31560,11489,3651,.471,.380,.879,33.8,20.7,7.5,2.4,206.3,.193,4.5,84.8
1998,NBA,1,19,Pat Garrity (↳PHO ↳DAL),Notre Dame,552,11062,4017,1457,443,.417,.398,.806,20.0,7.3,2.6,0.8,18.7,.081,-1.8,0.5
1998,NBA,2,39,Rafer Alston,Fresno State,671,19392,6799,1891,3202,.383,.354,.729,28.9,10.1,2.8,4.8,32.9,.081,0.0,9.6
1997,NBA,1,10,Danny Fortson (↳DEN),Cincinnati,440,8832,3615,3184,301,.472,.167,.785,20.1,8.2,7.2,0.7,22.3,.121,-3.2,-2.6
1997,NBA,2,39,Jerald Honeycutt,Tulane,54,632,275,105,36,.391,.362,.632,11.7,5.1,1.9,0.7,0.3,.020,-3.3,-0.2
1996,NBA,1,4,Stephon Marbury (↳MIN),Georgia Tech,846,31891,16297,2516,6471,.433,.325,.784,37.7,19.3,3.0,7.6,77.5,.117,1.8,30.7
1996,NBA,2,33,Moochie Norris,University of West Florida,445,7640,2272,868,1233,.401,.286,.740,17.2,5.1,2.0,2.8,10.0,.063,-1.4,1.2
1996,NBA,2,53,Jeff Nordgaard,Green Bay,13,48,18,14,3,.278,,.889,3.7,1.4,1.1,0.2,0.0,.043,-3.7,0.0
1995,NBA,1,11,Gary Trent (↳POR),Ohio University,506,9866,4366,2276,504,.501,.080,.643,19.5,8.6,4.5,1.0,23.2,.113,-1.0,2.4
1995,NBA,2,38,Rashard Griffith,Wisconsin,,,,,,,,,,,,,,,,
1995,NBA,2,43,Eric Snow (↳SEA),Michigan State,846,23132,5791,2141,4245,.424,.208,.763,27.3,6.8,2.5,5.0,43.4,.090,-1.0,5.9
1994,NBA,1,1,Glenn Robinson,Purdue,688,25346,14234,4189,1879,.459,.340,.820,36.8,20.7,6.1,2.7,39.8,.075,0.1,13.5
1994,NBA,1,18,Eric Mobley,Pitt,113,1570,440,351,57,.541,.750,.475,13.9,3.9,3.1,0.5,1.1,.034,-4.3,-0.9
1994,NBA,2,46,Voshon Lenard,Minnesota,565,15349,6745,1609,1180,.415,.384,.787,27.2,11.9,2.8,2.1,29.6,.093,0.0,7.9
1993,NBA,1,8,Vin Baker,University of Hartford,791,25737,11839,5867,1509,.485,.215,.638,32.5,15.0,7.4,1.9,47.0,.088,-1.2,5.3
1992,NBA,1,8,Todd Day,Arkansas,483,12214,5917,1649,713,.406,.345,.739,25.3,12.3,3.4,1.5,17.5,.069,-0.9,3.4
1992,NBA,1,23,Lee Mayberry (↳MIL),Arkansas,496,10337,2546,642,1767,.415,.377,.659,20.8,5.1,1.3,3.6,7.9,.036,-2.9,-2.3
1991,NBA,1,18,Kevin Brooks (↳DEN),Louisiana,126,1031,417,141,48,.401,.200,.859,8.2,3.3,1.1,0.4,-0.1,-0.004,-5.9,-1.0
1991,NBA,2,45,Bobby Phills,Southern University and A&M College,467,13426,5153,1469,1246,.443,.390,.738,28.7,11.0,3.1,2.7,27.2,.097,0.2,7.5
1990,NBA,1,16,Terry Mills (↳DEN),Michigan,678,16422,7175,3680,891,.457,.384,.781,24.2,10.6,5.4,1.3,33.3,.097,-0.6,5.9
1990,NBA,2,44,Steve Henson,Kansas State,238,2282,739,176,465,.403,.432,.869,9.6,3.1,0.7,2.0,3.8,.079,-1.8,0.1
1989,NBA,2,30,Frank Kornet,Vanderbilt,89,595,171,95,30,.369,.263,.596,6.7,1.9,1.1,0.3,0.0,-0.004,-6.2,-0.6
1988,NBA,1,13,Jeff Grayer,Iowa State,438,8277,3257,1294,635,.457,.255,.663,18.9,7.4,3.0,1.4,9.0,.052,-2.5,-1.1
1988,NBA,2,39,Tito Horford,Miami (FL),63,376,93,84,5,.300,,.628,6.0,1.5,1.3,0.1,-0.5,-0.069,-9.4,-0.7
1988,NBA,3,63,Mike Jones,Auburn,,,,,,,,,,,,,,,,
1987,NBA,2,32,Bob McCann,Morehead State University,178,2385,739,468,104,.479,.200,.577,13.4,4.2,2.6,0.6,2.0,.041,-3.8,-1.1
1987,NBA,2,40,Winston Garland,Missouri State,511,13391,4799,1433,2421,.430,.281,.830,26.2,9.4,2.8,4.7,14.2,.051,-1.6,1.3
1987,NBA,3,64,J. J. Weber,Wisconsin,,,,,,,,,,,,,,,,
1987,NBA,4,87,Darryl Bedford,Austin Peay State University,,,,,,,,,,,,,,,,
1987,NBA,5,110,Brian Vaughns,UC Santa Barbara,,,,,,,,,,,,,,,,
1987,NBA,6,133,Gay Elmore,Virginia Military Institute,,,,,,,,,,,,,,,,
1986,NBA,1,22,Scott Skiles,Michigan State,600,16789,6652,1526,3881,.435,.379,.889,28.0,11.1,2.5,6.5,30.4,.087,-0.4,6.7
1986,NBA,2,45,Keith Smith,Loyola Marymount,42,461,138,32,43,.380,.333,.750,11.0,3.3,0.8,1.0,0.0,-0.003,-5.5,-0.4
1986,NBA,3,68,Baskerville Holmes,Memphis,,,,,,,,,,,,,,,,
1986,NBA,5,114,Bobby Deaton,Southwstern University,,,,,,,,,,,,,,,,
1986,NBA,6,137,John Kimbrell,Lipscomb,,,,,,,,,,,,,,,,
1986,NBA,7,160,Jeff Strong,Missouri,,,,,,,,,,,,,,,,
1985,NBA,1,22,Jerry Reynolds,LSU,443,8379,4036,1317,904,.418,.226,.749,18.9,9.1,3.0,2.0,10.5,.060,0.6,5.4
1985,NBA,3,68,Eugene McDowell,Florida,,,,,,,,,,,,,,,,
1985,NBA,4,91,Cozell McQueen,NC State,3,7,6,8,0,1.000,,,2.3,2.0,2.7,0.0,0.1,.627,26.1,0.0
1985,NBA,5,114,Ray Knight,Providence,,,,,,,,,,,,,,,,
1985,NBA,6,137,Quentin Anderson,Texas Tech,,,,,,,,,,,,,,,,
1985,NBA,7,160,Mario Elie,American International College,732,18654,6265,2017,1875,.473,.365,.854,25.5,8.6,2.8,2.6,48.9,.126,0.7,12.6
1984,NBA,1,21,Kenny Fields,UCLA,184,2692,1140,464,188,.474,.188,.733,14.6,6.2,2.5,1.0,4.2,.074,-2.2,-0.1
1984,NBA,3,67,Vernon Delancy,Florida,,,,,,,,,,,,,,,,
1984,NBA,5,113,Ernie Floyd,Holy Cross,,,,,,,,,,,,,,,,
1984,NBA,6,120,McKinley Singleton,UAB,2,10,4,0,1,.667,.000,,5.0,2.0,0.0,0.5,0.0,.131,0.1,0.0
1984,NBA,6,136,Mike Reddick,Stetson University,,,,,,,,,,,,,,,,
1984,NBA,7,159,Tony William,Florida State,,,,,,,,,,,,,,,,
1984,NBA,8,182,Brad Jergenson,South Carolina,,,,,,,,,,,,,,,,
1984,NBA,9,204,Edwin Green,UMass,,,,,,,,,,,,,,,,
1984,NBA,10,226,Mike Toomer,Florida A&M,,,,,,,,,,,,,,,,
1983,NBA,1,18,Randy Breuer,Minnesota,681,12499,4599,2986,616,.467,.000,.628,18.4,6.8,4.4,0.9,20.9,.080,-1.3,2.3
1983,NBA,2,41,Ted Kitchel,Indiana,,,,,,,,,,,,,,,,
1983,NBA,2,42,Mike Davis,Alabama,,,,,,,,,,,,,,,,
1983,NBA,3,65,Billy Goodwin,St. John's,,,,,,,,,,,,,,,,
1983,NBA,4,88,Mark Nickens,American University,,,,,,,,,,,,,,,,
1983,NBA,5,111,Mark Petteway,New Orleans,,,,,,,,,,,,,,,,
1983,NBA,6,120,Russell Todd,West Virginia,,,,,,,,,,,,,,,,
1983,NBA,6,134,Charles Hurt,Kentucky,,,,,,,,,,,,,,,,
1983,NBA,7,157,Anthony Hicks,Xavier,,,,,,,,,,,,,,,,
1983,NBA,8,180,Brett Burkholder,DePaul,,,,,,,,,,,,,,,,
1983,NBA,9,202,Bill Varner,Notre Dame,,,,,,,,,,,,,,,,
1983,NBA,10,223,Bob Kelly,St. John's,,,,,,,,,,,,,,,,
1982,NBA,1,20,Paul Pressey,Tulsa,724,19659,7664,2798,3715,.485,.222,.749,27.2,10.6,3.9,5.1,49.0,.120,2.6,22.8
1982,NBA,2,27,Fred Roberts,BYU,818,14703,5962,2308,977,.502,.325,.796,18.0,7.3,2.8,1.2,26.2,.086,-1.6,1.5
1982,NBA,4,89,Jerry Beck,Middle Tennessee,,,,,,,,,,,,,,,,
1982,NBA,6,135,Tony Carr,University of Wisconsin-Eau Claire,,,,,,,,,,,,,,,,
1982,NBA,7,158,Bobby Austin,Cincinnati,,,,,,,,,,,,,,,,
1982,NBA,8,181,Bryan Leonard,Illinois,,,,,,,,,,,,,,,,
1982,NBA,9,202,Robert Tate,Idaho State University,,,,,,,,,,,,,,,,
1982,NBA,10,223,Bob Coenen,University of Wisconsin-Eau Claire,,,,,,,,,,,,,,,,
1981,NBA,1,21,Alton Lister,Arizona State,953,18965,6298,5996,914,.512,.111,.597,19.9,6.6,6.3,1.0,36.6,.093,-1.4,3.1
1981,NBA,3,67,Mark Smith,Illinois,,,,,,,,,,,,,,,,
1981,NBA,4,90,Kris Anderson,Florida State,,,,,,,,,,,,,,,,
1981,NBA,5,113,Kelvin Troy,Rutgers University,,,,,,,,,,,,,,,,
1981,NBA,6,136,Jo Jo Hunter,Colorado,,,,,,,,,,,,,,,,
1981,NBA,7,159,Lewis Latimore,Virginia,,,,,,,,,,,,,,,,
1981,NBA,8,181,Mike Brkovich,Michigan State,,,,,,,,,,,,,,,,
1981,NBA,9,201,Chip Rucker,Northeastern University,,,,,,,,,,,,,,,,
1981,NBA,10,221,Artie Green,Marquette,,,,,,,,,,,,,,,,
1980,NBA,3,63,Al Beal,Oklahoma,,,,,,,,,,,,,,,,
1980,NBA,4,86,Jeff Wolf,UNC,,,,,,,,,,,,,,,,
1980,NBA,5,109,Ken Jones,VCU,,,,,,,,,,,,,,,,
1980,NBA,6,132,Alex Gilbert,Indiana State University,,,,,,,,,,,,,,,,
1980,NBA,7,155,Ron White,Furman University,,,,,,,,,,,,,,,,
1980,NBA,8,174,Keith Valentine,Virginia Union University,,,,,,,,,,,,,,,,
1980,NBA,9,194,Del Yarbrough,Illinois State,,,,,,,,,,,,,,,,
1980,NBA,10,210,Melvin Crayton,Alabama State University,,,,,,,,,,,,,,,,
1979,NBA,1,5,Sidney Moncrief,Arkansas,767,23150,11931,3575,2793,.502,.284,.831,30.2,15.6,4.7,3.6,90.3,.187,3.7,33.1
1979,NBA,2,31,Edgar Jones,Nevada,363,6960,3257,1745,331,.506,.262,.710,19.2,9.0,4.8,0.9,15.0,.103,-0.7,2.2
1979,NBA,3,52,Larry Gibson,Maryland,,,,,,,,,,,,,,,,
1979,NBA,4,69,Eugene Robinson,Louisiana-Monroe,,,,,,,,,,,,,,,,
1979,NBA,5,97,Jim Tillman,Eastern Kentucky University,,,,,,,,,,,,,,,,
1979,NBA,6,116,Derrick Mayes,Illinois State,,,,,,,,,,,,,,,,
1979,NBA,7,138,Stan Ray,Cal State Fullerton,,,,,,,,,,,,,,,,
1979,NBA,8,156,Larry Spicer,UAB,,,,,,,,,,,,,,,,
1979,NBA,9,174,Roger Lapham,University of Maine,,,,,,,,,,,,,,,,
1979,NBA,10,193,Chris Fahrbach,University of North Dakota,,,,,,,,,,,,,,,,
1978,NBA,1,12,George Johnson,St. John's,464,9878,4214,2610,817,.463,,.779,21.3,9.1,5.6,1.8,14.1,.068,-1.4,1.4
1978,NBA,3,59,Pat Cummings,Cincinnati,683,14516,6529,3825,807,.497,.000,.737,21.3,9.6,5.6,1.2,22.6,.075,-2.5,-1.9
1978,NBA,4,80,Otis Howard,Austin Peay State University,14,113,59,41,5,.429,,.478,8.1,4.2,2.9,0.4,0.2,.064,-4.0,-0.1
1978,NBA,5,103,Russ Coleman,University of the Pacific,,,,,,,,,,,,,,,,
1978,NBA,6,124,Dave Kyle,Cleveland State University,,,,,,,,,,,,,,,,
1978,NBA,7,146,Kim Anderson,Missouri,21,224,63,45,15,.312,,.536,10.7,3.0,2.1,0.7,-0.4,-0.078,-7.5,-0.4
1978,NBA,8,164,Tom Zaliagiris,UNC,,,,,,,,,,,,,,,,
1978,NBA,9,182,Gary Rosenberger,Marquette,,,,,,,,,,,,,,,,
1978,NBA,10,196,Tom Anderson,Green Bay,,,,,,,,,,,,,,,,
1977,NBA,1,1,Kent Benson,Indiana,680,15719,6168,3881,1203,.493,,.757,23.1,9.1,5.7,1.8,33.6,.103,0.2,8.8
1977,NBA,1,3,Marques Johnson,UCLA,691,23694,13892,4817,2502,.518,,.739,34.3,20.1,7.0,3.6,79.8,.162,3.3,31.7
1977,NBA,1,11,Ernie Grunfeld,Tennessee,693,12916,5124,1815,1419,.477,,.770,18.6,7.4,2.6,2.0,25.0,.093,-0.5,4.9
1977,NBA,2,27,Glen Williams,St. John's,,,,,,,,,,,,,,,,
1977,NBA,3,47,Gary Yoder,Cincinnati,,,,,,,,,,,,,,,,
1977,NBA,4,69,Lewis Brown,UNLV,2,5,2,2,0,.000,,.400,2.5,1.0,1.0,0.0,-0.1,-0.667,-5.7,0.0
1977,NBA,5,91,Ron Norwood,DePaul,,,,,,,,,,,,,,,,
1977,NBA,6,113,Chuck Goodyear,Miami University,,,,,,,,,,,,,,,,
1977,NBA,7,134,Ron Bostick,Detroit Mercy,,,,,,,,,,,,,,,,
1977,NBA,8,154,Larry Pikes,UW-Milwaukee,,,,,,,,,,,,,,,,
1976,NBA,1,7,Quinn Buckner,Indiana,719,16245,5929,1969,3114,.461,,.657,22.6,8.2,2.7,4.3,24.7,.073,-0.1,7.7
1976,NBA,2,23,Alex English,South Carolina,1193,38063,25613,6538,4351,.507,,.832,31.9,21.5,5.5,3.6,100.7,.127,2.0,38.2
1976,NBA,2,24,Scott Lloyd,Arizona State,372,5638,1694,1114,356,.425,,.718,15.2,4.6,3.0,1.0,2.5,.021,-4.3,-3.4
1976,NBA,3,40,Lloyd Walton,Marquette,341,5387,1442,370,1243,.454,,.711,15.8,4.2,1.1,3.6,5.2,.047,-1.6,0.6
1976,NBA,4,59,Dan Frost,Iowa,,,,,,,,,,,,,,,,
1976,NBA,5,75,Tom Lockhart,Manhattan College,,,,,,,,,,,,,,,,
1976,NBA,5,77,James Rappis,Arizona,,,,,,,,,,,,,,,,
1976,NBA,6,92,Phil Spence,NC State,,,,,,,,,,,,,,,,
1976,NBA,7,112,Ron Barrow,Southern University and A&M College,,,,,,,,,,,,,,,,
1976,NBA,8,129,Bob Warner,University of Maine,,,,,,,,,,,,,,,,
1976,NBA,9,146,Bennie Shaw,Central Florida,,,,,,,,,,,,,,,,
1976,NBA,10,165,Hugo Cabrera,,,,,,,,,,,,,,,,,
1975,NBA,2,22,Clyde Mayes,Furman University,74,1000,297,279,40,.446,,.567,13.5,4.0,3.8,0.5,0.9,.044,-3.7,-0.5
1975,NBA,2,24,Cornelius Cash,Bowling Green,6,49,21,16,1,.391,,.500,8.2,3.5,2.7,0.2,0.0,-0.010,-4.6,-0.1
1975,NBA,3,43,Brian Hammel,Bentley College,,,,,,,,,,,,,,,,
1975,NBA,4,60,Bill Campion,Manhattan College,,,,,,,,,,,,,,,,
1975,NBA,6,96,Oliver Purnell,Old Dominion,,,,,,,,,,,,,,,,
1975,NBA,7,115,Wilbur Thomas,American University,,,,,,,,,,,,,,,,
1975,NBA,8,132,Bob McCurdy,Richmond,,,,,,,,,,,,,,,,
1975,NBA,9,150,Eric Hays,Montana,,,,,,,,,,,,,,,,
1975,NBA,10,165,Romie Thomas,University of Wisconsin-Eau Claire,,,,,,,,,,,,,,,,
1974,NBA,1,18,Gary Brokaw,Notre Dame,241,4724,1928,407,715,.446,,.713,19.6,8.0,1.7,3.0,5.3,.054,-2.0,0.1
1974,NBA,3,54,Greg McDougald,Oral Roberts,,,,,,,,,,,,,,,,
1974,NBA,4,72,Lionel Billingy,Duquesne,,,,,,,,,,,,,,,,
1974,NBA,5,90,John Johnson,Denver,,,,,,,,,,,,,,,,
1974,NBA,6,108,Larry Williams,Kansas State,,,,,,,,,,,,,,,,
1974,NBA,7,126,Bob Hornstein,West Virginia,,,,,,,,,,,,,,,,
1974,NBA,8,144,Ralph Palomar,Cameron University,,,,,,,,,,,,,,,,
1974,NBA,9,161,Mike Deane,State University of New York at Potsdam,,,,,,,,,,,,,,,,
1974,NBA,10,178,Bruce Featherston,Texas State University,,,,,,,,,,,,,,,,
1973,NBA,1,16,Swen Nater,UCLA,489,13868,5943,5297,954,.537,,.760,28.4,12.2,10.8,2.0,36.9,.128,0.2,7.5
1973,NBA,4,59,Clyde Turner,Minnesota,,,,,,,,,,,,,,,,
1973,NBA,4,67,Harry Rogers,Saint Louis,,,,,,,,,,,,,,,,
1973,NBA,5,85,Larry Jackson,Northern Illinois,,,,,,,,,,,,,,,,
1973,NBA,6,101,James Floyd,Shaw,,,,,,,,,,,,,,,,
1973,NBA,7,119,Eddie Childress,Austin Peay State University,,,,,,,,,,,,,,,,
1973,NBA,8,135,Walt McGary,Chattanooga,,,,,,,,,,,,,,,,
1973,NBA,9,150,Bob Vacca,Quinnipiac University,,,,,,,,,,,,,,,,
1973,NBA,10,164,Ron Battle,Sam Houston State University,,,,,,,,,,,,,,,,
1972,NBA,1,6,Russ Lee,Marshall,97,582,282,114,65,.391,,.685,6.0,2.9,1.2,0.7,0.5,.038,-3.0,0.0
1972,NBA,1,12,Julius Erving,UMass,836,28677,18364,5601,3224,.507,,.777,34.3,22.0,6.7,3.9,106.2,.178,5.2,51.8
1972,NBA,2,29,Chuck Terry,Cal State Long Beach,135,1800,439,291,83,.380,,.756,13.3,3.3,2.2,0.6,0.7,.018,-3.2,-0.3
1972,NBA,3,46,George Adams,Gardner-Webb University,,,,,,,,,,,,,,,,
1972,NBA,4,63,Art White,Georgetown,,,,,,,,,,,,,,,,
1972,NBA,5,79,Ron Harris,Wichita State,,,,,,,,,,,,,,,,
1972,NBA,7,113,Mickey Davis,Duquesne,286,3711,1478,800,295,.458,,.842,13.0,5.2,2.8,1.0,8.9,.115,-0.1,1.3
1972,NBA,8,129,Charles Kirkland,Cheyney (PA),,,,,,,,,,,,,,,,
1972,NBA,9,143,Jim Regenold,Ball State University,,,,,,,,,,,,,,,,
1972,NBA,10,156,Jolly Spight,Santa Clara,,,,,,,,,,,,,,,,
1971,NBA,1,17,Collis Jones,Notre Dame,,,,,,,,,,,,,,,,
1971,NBA,3,51,Gary Brell,Marquette,,,,,,,,,,,,,,,,
1971,NBA,4,68,Henry Smith,Missouri,,,,,,,,,,,,,,,,
1971,NBA,5,85,Barry Nelson,Duquesne,28,102,35,20,7,.417,,.500,3.6,1.3,0.7,0.3,0.1,.026,,
1971,NBA,6,102,Ed Kemp,Adams State College,,,,,,,,,,,,,,,,
1971,NBA,7,119,Gene Phillips,SMU,,,,,,,,,,,,,,,,
1971,NBA,8,136,Felix Thurston,Trinity University,,,,,,,,,,,,,,,,
1971,NBA,9,152,Rick Howat,Illinois,,,,,,,,,,,,,,,,
1971,NBA,10,168,Dan Fife,Michigan,,,,,,,,,,,,,,,,
1971,NBA,11,182,Blaine Henry,Marshall,,,,,,,,,,,,,,,,
1971,NBA,12,195,Gene Mumford,University of Scranton,,,,,,,,,,,,,,,,
1971,NBA,13,207,Pierre Russell,Kansas,,,,,,,,,,,,,,,,
1971,NBA,14,216,George Jackson,Dayton,,,,,,,,,,,,,,,,
1971,NBA,15,224,Loyd King,Virginia Tech,,,,,,,,,,,,,,,,
1970,NBA,1,16,Gary Freeman,Oregon State,52,382,167,106,35,.515,,.725,7.3,3.2,2.0,0.7,1.2,.155,,
1970,NBA,2,33,Bill Zopf,Duquesne,53,398,118,46,73,.363,,.556,7.5,2.2,0.9,1.4,-0.1,-0.011,,
1970,NBA,3,50,Marv Winkler,Louisiana,3,14,8,4,2,.300,,1.000,4.7,2.7,1.3,0.7,0.0,-0.121,,
1970,NBA,4,67,Virgle Fredrick,Drury University,,,,,,,,,,,,,,,,
1970,NBA,5,84,Mike Grosso,Louisville,,,,,,,,,,,,,,,,
1970,NBA,6,101,Willie Watson,Oklahoma City University,,,,,,,,,,,,,,,,
1970,NBA,7,118,John Rinka,Kenyon College,,,,,,,,,,,,,,,,
1970,NBA,8,135,Jim Sarno,Northwestern,,,,,,,,,,,,,,,,
1970,NBA,9,152,Joe Hamilton,University of North Texas,,,,,,,,,,,,,,,,
1970,NBA,10,169,Bob Seemer,Georgia Tech,,,,,,,,,,,,,,,,
1969,NBA,1,1,Kareem Abdul-Jabbar,UCLA,1560,57446,38387,17440,5660,.559,,.721,36.8,24.6,11.2,3.6,273.4,.228,5.7,85.7
1969,NBA,2,17,Bob Greacen,Rutgers University,43,335,111,65,40,.372,,.600,7.8,2.6,1.5,0.9,-0.1,-0.015,,
1969,NBA,3,31,Skeeter Swift,East Tennessee State University,,,,,,,,,,,,,,,,
1969,NBA,4,45,Bob Dandridge,Norfolk State,839,29502,15530,5715,2846,.484,,.780,35.2,18.5,6.8,3.4,80.3,.131,1.3,15.1
1969,NBA,5,59,Ken Heitz,UCLA,,,,,,,,,,,,,,,,
1969,NBA,6,73,John Arthurs,Tulane,11,86,35,14,17,.343,,.733,7.8,3.2,1.3,1.5,0.0,-0.004,,
1969,NBA,7,87,Bill Keller,Purdue,,,,,,,,,,,,,,,,
1969,NBA,8,101,John Schell,Wisconsin,,,,,,,,,,,,,,,,
1969,NBA,9,115,Jim Satalin,St. Bonaventure,,,,,,,,,,,,,,,,
1969,NBA,10,129,Willie Brown,Middle Tennessee,,,,,,,,,,,,,,,,
1969,NBA,11,143,Bob Presley,California,,,,,,,,,,,,,,,,
1969,NBA,12,157,Jack Lutz,Carthage College,,,,,,,,,,,,,,,,
1969,NBA,13,170,Leo Osgood,Northeastern University,,,,,,,,,,,,,,,,
1969,NBA,14,181,Waymon Stewart,Lakeland College,,,,,,,,,,,,,,,,
1969,NBA,15,190,Stan Wlodarczyk,La Salle,,,,,,,,,,,,,,,,
1969,NBA,16,196,Bill Voight,SMU,,,,,,,,,,,,,,,,
1969,NBA,17,202,Lynn Phillips,SMU,,,,,,,,,,,,,,,,
1969,NBA,18,208,Ken Hall,Westminster College of Pennsylvania,,,,,,,,,,,,,,,,
1968,NBA,1,7,Charlie Paulk,Northeastern State University,120,1641,741,462,41,.392,,.611,13.7,6.2,3.9,0.3,-0.9,-0.026,,
1968,NBA,2,22,Gene Moore,Saint Louis,,,,,,,,,,,,,,,,
1968,NBA,3,35,Sam Williams,Iowa,66,672,255,116,64,.353,,.531,10.2,3.9,1.8,1.0,-0.4,-0.029,,
1968,NBA,4,50,Greg Smith,Western Kentucky,524,12269,4097,3249,969,.482,,.646,23.4,7.8,6.2,1.8,22.2,.087,-2.9,-0.3
1968,NBA,5,63,Joe Franklin,Wisconsin,,,,,,,,,,,,,,,,
1968,NBA,6,78,Fred Smith,Hawaii,,,,,,,,,,,,,,,,
1968,NBA,7,91,Tom Kondla (↳MNP),Minnesota,,,,,,,,,,,,,,,,
1968,NBA,8,106,Elburt Miller,UNLV,,,,,,,,,,,,,,,,
1968,NBA,9,119,Cliff Berger,Kentucky,,,,,,,,,,,,,,,,
1968,NBA,10,134,Eugene Jones,Missouri,,,,,,,,,,,,,,,,
1968,NBA,11,146,Brad Luchini,Marquette,,,,,,,,,,,,,,,,
1968,NBA,12,159,Dave Miller,Florida,,,,,,,,,,,,,,,,
